customer_id,name,total_purchases,num_transactions,avg_transaction_value
9371,Mary Patterson,9299.03,44,211.34
664,Bobby Jimenez,8394.26,39,215.24
12431,Mary Rios,8073.15,36,224.25
10591,Deborah Humphrey,7889.05,45,175.31
9271,Christopher Smith,7665.25,35,219.01
749,Jesse Matthews,7649.38,38,201.3
10371,Joseph Smith,7518.13,36,208.84
11888,Frank Barrett,7344.14,31,236.91
10744,Samantha Smith,7284.4,26,280.17
5293,Michelle Callahan,7209.1,35,205.97
9580,Mary Robbins,7109.17,30,236.97
1780,Larry Sharp,7071.28,30,235.71
6285,Mary Garcia,7017.97,37,189.67
467,James Smith,6992.3,31,225.56
9490,Mary Glass,6984.24,28,249.44
7954,Danielle Smith,6939.19,31,223.84
10175,Michael Gibson,6799.16,34,199.98
5001,Ann Waller,6769.47,27,250.72
4491,Mary Banks,6719.38,29,231.7
4539,Jacqueline James,6632.2,36,184.23
4627,Eric Lang,6604.36,31,213.04
5778,Evelyn Smith,6587.31,28,235.26
4181,Aaron Hudson,6563.21,29,226.32
2197,Joseph Smith,6493.22,32,202.91
4659,Paul Smith,6459.2,27,239.23
2220,James Smith,6427.35,25,257.09
8522,Mary Smith,6399.42,29,220.67
6101,Mary Smith,6371.33,29,219.7
5952,Jacob Smith,6299.49,27,233.31
2773,Linda Hale,6299.37,31,203.21
6660,Christine Smith,6278.09,30,209.27
11218,Louis Novak,6277.31,29,216.46
11134,Robert Lopez,6249.11,29,215.49
1824,Julia Tucker,6151.36,34,180.92
10761,David Smith,6134.51,28,219.09
1636,Julie Petersen,6129.23,26,235.74
11305,Mary Hartman,6089.38,26,234.21
8071,Gary Baker,6069.38,26,233.44
1979,Kimberly Kramer,6063.19,31,195.59
10447,Mary Smith,5969.54,29,205.85
7457,Cheryl Smith,5919.32,29,204.11
9377,Carol Leach,5899.29,26,226.9
2564,Phillip Smith,5889.54,18,327.2
5755,Marie Shah,5885.29,28,210.19
7082,Adam Blair,5844.39,24,243.52
4596,Mary Burns,5834.2,28,208.36
5013,Mary Peters,5815.39,26,223.67
10612,Anna Smith,5804.1,33,175.88
8166,Patricia Smith,5799.33,30,193.31
3051,John Johnson,5779.24,24,240.8
9119,Mary Smith,5774.45,23,251.06
10407,William Clay,5714.18,28,204.08
11793,Thomas Riley,5674.32,27,210.16
11513,David Smith,5671.35,28,202.55
8995,Mary Smith,5659.5,23,246.07
10559,Mary Jones,5654.27,28,201.94
1989,Richard Leach,5649.23,32,176.54
8613,Mary Kirk,5619.45,31,181.27
1853,Mary Austin,5599.51,25,223.98
8869,Thomas Lambert,5588.41,29,192.7
5658,Michael Wiley,5579.52,24,232.48
2683,Mary Gallegos,5539.2,28,197.83
11128,Timothy Lyons,5499.34,24,229.14
548,Ryan Horton,5458.34,28,194.94
8254,Jesse Esparza,5437.26,30,181.24
7616,Mary Mason,5429.44,24,226.23
7176,Mary Hudson,5419.17,23,235.62
3754,Mary Sims,5369.15,26,206.51
6256,Mary Murray,5341.42,25,213.66
7868,Michael Smith,5329.43,26,204.98
1158,Emily Price,5327.4,29,183.7
10077,Judith Smith,5309.32,24,221.22
7317,Mary Smith,5289.5,21,251.88
2087,Mary Burton,5287.29,22,240.33
1627,Mary Gonzales,5285.2,26,203.28
2833,Eric Vega,5277.28,25,211.09
11784,Mary Cunningham,5269.19,32,164.66
847,Jerry Ferguson,5260.31,31,169.69
5907,Mary Proctor,5209.33,22,236.79
245,Deborah Smith,5202.36,25,208.09
6529,Aaron Smith,5191.48,27,192.28
2942,Mary Taylor,5189.64,18,288.31
6342,Kimberly Blair,5189.27,24,216.22
5301,Mary Ward,5181.26,22,235.51
5741,Mary Spencer,5170.35,26,198.86
5093,Sara Rice,5159.49,23,224.33
3676,Mary Smith,5155.54,25,206.22
7677,Mary Bonilla,5149.52,25,205.98
7186,Mary Meadows,5137.55,24,214.06
7602,Brian Mitchell,5129.57,21,244.27
8974,Mary Schultz,5125.48,22,232.98
11089,Mary Smith,5119.46,23,222.59
9510,Steven Wright,5113.47,24,213.06
1024,Paul Alvarado,5097.5,23,221.63
2669,Dorothy Buck,5090.28,26,195.78
3206,Mary Smith,5089.44,20,254.47
7848,Jessica Smith,5079.48,21,241.88
11694,Margaret Rios,5064.16,28,180.86
5413,Mary Smith,5056.46,21,240.78
8757,Tyler Gutierrez,5051.26,29,174.18
4768,Amanda Hays,5033.4,25,201.34
8948,Russell Smith,5029.24,20,251.46
8658,Mary Allen,5016.4,25,200.66
4320,Jordan Taylor,5016.34,28,179.16
2250,Amanda Smith,5009.45,21,238.55
1092,George Garcia,5004.26,24,208.51
3763,Mary Martinez,5001.5,29,172.47
3235,Lori Baker,4993.6,26,192.06
10778,Mary Mercado,4989.61,25,199.58
4278,Andrew Smith,4949.43,24,206.23
1624,Walter Huerta,4935.61,23,214.59
3167,Janice Ward,4929.52,22,224.07
10269,Mary Flowers,4927.25,28,175.97
434,Michael Torres,4926.44,23,214.19
371,Adam Marquez,4919.73,18,273.32
8217,Virginia Cantrell,4903.59,25,196.14
8365,Matthew Norman,4899.62,23,213.03
4265,Debra Smith,4895.35,26,188.28
1670,Keith Callahan,4889.49,21,232.83
3468,Mary Romero,4889.47,27,181.09
4929,Janet Harvey,4889.42,26,188.05
10340,Nicholas Stevens,4839.39,25,193.58
9639,Mary Smith,4838.61,26,186.1
4025,Janet Schmidt,4819.33,24,200.81
7716,David Middleton,4809.45,22,218.61
7511,Mary Park,4809.42,23,209.11
10172,Mary Pugh,4804.55,20,240.23
8892,Russell Dennis,4789.36,27,177.38
5125,Mary Miller,4779.59,20,238.98
6356,Mary Smith,4774.44,22,217.02
3713,Helen Smith,4771.26,19,251.12
9317,Mary Smith,4734.49,24,197.27
8989,Sarah Aguilar,4729.59,19,248.93
3021,Nancy Alvarado,4729.58,20,236.48
11667,Mary Brooks,4712.37,32,147.26
8260,Teresa Berg,4709.43,19,247.86
11039,Mary Torres,4698.38,26,180.71
354,Edward Peterson,4693.51,25,187.74
7795,Sandra Smith,4693.45,25,187.74
4308,William Smith,4665.59,22,212.07
5797,Roy Smith,4661.62,22,211.89
6488,Mary Smith,4639.29,25,185.57
5612,Mary Huang,4638.64,24,193.28
5234,Shirley Humphrey,4636.46,26,178.33
187,Mildred Herrera,4629.49,24,192.9
7844,Scott Smith,4628.21,25,185.13
7739,Kathy Morris,4623.61,23,201.03
7112,Mark Harris,4599.48,20,229.97
11032,Mary Welch,4587.21,26,176.43
6532,Mary Dixon,4584.43,26,176.32
4926,Mary Smith,4563.38,21,217.3
5683,Rachel Smith,4551.58,21,216.74
4202,Kimberly Griffin,4549.39,26,174.98
2255,Cheryl Kline,4539.54,23,197.37
5987,Mary Smith,4539.24,20,226.96
4494,Mary Smith,4514.51,22,205.2
10668,Mary Smith,4499.44,19,236.81
10839,Mary Blake,4479.67,19,235.77
970,Mary Alvarez,4479.49,23,194.76
10642,James Smith,4475.54,23,194.59
10257,Michael Smith,4474.65,18,248.59
5229,Thomas Butler,4474.56,22,203.39
2321,Mary Patel,4474.48,22,203.39
8791,Beverly Ali,4469.55,19,235.24
946,Mary Smith,4469.49,21,212.83
656,Julie Smith,4455.39,24,185.64
5249,Robert Huffman,4449.67,19,234.19
8506,Elizabeth Smith,4443.48,22,201.98
8211,Ronald Mcneil,4443.34,24,185.14
5829,Mary Smith,4429.44,19,233.13
917,Andrew Glenn,4419.47,20,220.97
9552,Richard Wilkerson,4419.45,25,176.78
10952,Mary Suarez,4418.61,22,200.85
9813,Mary Roth,4408.35,24,183.68
12271,Mary Small,4399.52,25,175.98
8905,Donna Smith,4399.48,20,219.97
8643,Mary Valenzuela,4399.46,24,183.31
321,David Smith,4397.46,22,199.88
3189,Bryan Smith,4389.57,19,231.03
4456,Evelyn Spencer,4384.57,22,199.3
98,William Smith,4379.48,23,190.41
6346,Mary Cooley,4369.44,23,189.98
12332,Kelly Jones,4369.43,19,229.97
1236,Virginia Robertson,4354.56,22,197.93
1522,Mary Yates,4349.5,20,217.48
2069,Alice Ellison,4349.25,21,207.11
821,Daniel Clayton,4339.64,22,197.26
2670,Mary Smith,4339.58,20,216.98
7594,Mary Smith,4324.56,22,196.57
2402,Mary Smith,4319.4,24,179.98
1745,Mary Smith,4299.6,21,204.74
5140,Mary Walton,4291.54,22,195.07
11954,Mary Smith,4289.63,20,214.48
8180,Albert Smith,4285.45,23,186.32
1574,Mary Smith,4279.51,21,203.79
1677,Virginia Robles,4269.63,20,213.48
3968,Catherine Pacheco,4269.6,17,251.15
11681,Roy Jackson,4269.36,24,177.89
11962,Diana Smith,4259.36,23,185.19
9338,James Davis,4254.43,21,202.59
2676,Jeffrey Smith,4251.55,20,212.58
4487,Rebecca Knight,4249.58,23,184.76
2038,Tammy Smith,4239.63,18,235.54
8942,Robert Smith,4239.62,20,211.98
1069,Mary Daniel,4239.56,18,235.53
6930,Paul Morton,4234.54,22,192.48
2922,Madison Russo,4234.45,18,235.25
5120,Mary Smith,4229.58,20,211.48
551,Doris Weaver,4229.53,19,222.61
11526,Dorothy Crawford,4224.35,20,211.22
3148,Mary Barrett,4217.55,23,183.37
5973,Michael Smith,4204.63,20,210.23
1817,Teresa Mitchell,4199.56,22,190.89
7183,Anna Smith,4179.44,20,208.97
4522,Mary Dennis,4169.48,20,208.47
1912,Robert Nunez,4145.61,19,218.19
9285,Gloria Smith,4142.47,22,188.29
8624,Theresa Welch,4138.75,18,229.93
5480,Matthew Jones,4134.46,25,165.38
10711,Cynthia Campbell,4129.51,17,242.91
4224,Mary Smith,4125.55,24,171.9
2569,Mary Duncan,4123.51,20,206.18
9890,Christian Luna,4119.62,20,205.98
10508,Angela Meadows,4119.48,22,187.25
10783,Linda Smith,4119.41,23,179.1
767,Christine Horne,4117.45,21,196.07
1613,Mary Smith,4104.5,19,216.03
10538,Evelyn Gomez,4103.46,21,195.4
8020,Joan Davis,4099.47,20,204.97
4559,Margaret Mcdaniel,4091.53,15,272.77
10472,Margaret Cook,4087.46,24,170.31
2504,Mary Smith,4074.53,22,185.21
4340,Stephen Beck,4074.48,21,194.02
7784,Mary Smith,4069.64,18,226.09
4268,Ruth Deleon,4069.53,19,214.19
289,Diana Richards,4066.54,21,193.64
8786,Joseph Smith,4059.68,21,193.32
9555,Sandra Smith,4057.53,19,213.55
1797,Carolyn Smith,4049.58,17,238.21
1209,Mary Webb,4049.51,20,202.48
11583,Mary Smith,4049.48,19,213.13
2476,Gerald Smith,4039.62,17,237.62
4261,Amber Nguyen,4035.58,20,201.78
9001,Mary Smith,4034.57,22,183.39
7535,Sarah Browning,4034.49,20,201.72
11404,Helen Cook,4017.41,21,191.31
11489,Dorothy Hudson,4014.46,20,200.72
8456,Mary Smith,4009.57,17,235.86
1339,Melissa Mack,4009.5,19,211.03
9141,Ronald Clark,3989.69,21,189.99
9135,Mary Johnson,3989.64,14,284.97
9957,Charles Bennett,3986.55,20,199.33
4535,Ruth Brown,3969.71,20,198.49
7684,Evelyn Harper,3964.51,18,220.25
7553,Mary Thompson,3959.52,21,188.55
12334,Michael Robertson,3958.75,19,208.36
1634,Jason Riggs,3951.63,17,232.45
759,Donna Smith,3949.51,19,207.87
11748,James Smith,3939.68,18,218.87
3929,Amanda Levy,3939.56,19,207.35
11314,Ashley Mclaughlin,3939.54,17,231.74
5377,Crystal Jones,3939.39,19,207.34
12357,Harry Smith,3933.42,21,187.31
7415,Mary Smith,3919.45,20,195.97
2636,Christian Smith,3919.42,19,206.29
3343,Vincent Smith,3917.61,15,261.17
4964,Charles Martinez,3912.63,16,244.54
8379,Martha Kelly,3909.55,17,229.97
12324,Ruth Townsend,3899.7,19,205.25
3572,Mary Bennett,3897.57,20,194.88
5764,William Weiss,3896.7,20,194.84
3589,Mary Smith,3889.55,21,185.22
7192,Mary Bowers,3879.57,20,193.98
9942,Lisa Moore,3869.53,16,241.85
1335,Mary Smith,3854.52,17,226.74
8201,Lauren Smith,3849.7,17,226.45
6561,Jane Day,3844.68,19,202.35
4465,John Sanchez,3841.51,18,213.42
2571,Zachary Beasley,3839.62,17,225.86
1283,Ashley White,3830.55,20,191.53
9708,Cynthia Smith,3825.54,21,182.17
10876,William Beasley,3799.52,20,189.98
1582,Carol Merritt,3789.67,16,236.85
5759,Mary Brown,3784.27,25,151.37
3610,Jordan Smith,3779.66,21,179.98
236,Ashley Clark,3779.64,15,251.98
10225,Diane English,3779.43,23,164.32
12363,Kimberly Meza,3775.4,20,188.77
31,Mary Byrd,3774.55,24,157.27
4633,Mary Smith,3769.65,18,209.43
11786,Mary Macdonald,3769.55,20,188.48
11350,Brittany Lynch,3761.53,21,179.12
8867,Justin Bonilla,3759.65,14,268.55
11857,Judy Wall,3759.52,19,197.87
11589,Mary Anderson,3754.4,23,163.23
7604,Jonathan Hill,3752.55,25,150.1
964,Mary Frazier,3741.52,17,220.09
4604,Mary Pearson,3739.61,19,196.82
1518,Jessica Smith,3735.54,18,207.53
6906,Rebecca Watkins,3733.53,16,233.35
10377,Anna Smith,3729.58,17,219.39
5391,Mary Smith,3719.72,15,247.98
2144,Mary Trevino,3719.68,17,218.8
5244,Alexander Meyer,3709.62,19,195.24
5725,Mary Smith,3709.59,19,195.24
1611,Jennifer Smith,3696.56,14,264.04
2420,Mary Smith,3684.63,18,204.7
11151,Harold Walker,3679.72,17,216.45
7491,Sharon Dominguez,3679.66,22,167.26
3723,Mary Jones,3679.47,18,204.42
1662,George Smith,3679.47,16,229.97
660,Shirley Baker,3674.54,17,216.15
12219,Beverly Nguyen,3669.62,15,244.64
1397,Dorothy Carter,3669.56,16,229.35
653,Jason Haas,3669.53,15,244.64
3519,Nicholas Ruiz,3659.74,18,203.32
7733,Mary Torres,3659.48,19,192.6
11799,Mary Tate,3657.5,19,192.5
6518,Mary Smith,3654.68,19,192.35
10157,Mary Todd,3649.71,16,228.11
9919,Mary Daniel,3649.64,17,214.68
10282,Mary Roberts,3649.56,17,214.68
9359,Nancy Campos,3640.57,18,202.25
2058,Mary Hernandez,3639.55,18,202.2
1950,Mary Boyer,3631.61,16,226.98
12336,Joe Smith,3629.58,16,226.85
11535,Dorothy Moon,3623.33,19,190.7
4255,Brittany Smith,3614.7,19,190.25
9805,Mary Camacho,3613.61,21,172.08
4210,Matthew Roach,3609.65,14,257.83
11245,Debra Washington,3609.55,15,240.64
12068,Mary Smith,3609.52,20,180.48
3240,Kelly Golden,3595.62,20,179.78
5534,Elizabeth Smith,3594.65,19,189.19
539,Marilyn Smith,3589.69,15,239.31
4220,Mary Morgan,3589.6,18,199.42
10304,Mary Watson,3589.58,14,256.4
1295,Theresa Lopez,3579.33,20,178.97
8638,Daniel Wood,3575.46,17,210.32
7544,Barbara Smith,3569.81,16,223.11
1269,Mary Young,3569.54,16,223.1
9454,Mary Carson,3564.63,18,198.04
12035,William Mcdaniel,3564.59,21,169.74
3176,Donna Smith,3551.54,17,208.91
2928,Sarah Larsen,3549.6,16,221.85
8784,Jonathan Smith,3549.59,20,177.48
9533,Mary Hess,3544.59,19,186.56
3597,Margaret Smith,3539.79,15,235.99
2590,Mary Andrade,3539.71,19,186.3
7549,Timothy Ellison,3539.57,20,176.98
8591,Mary Smith,3533.52,19,185.97
6879,Mark Mcguire,3529.63,17,207.63
9600,Nicholas Sanders,3529.59,16,220.6
2818,Mary Smith,3529.54,17,207.62
6455,Ethan Brown,3524.6,16,220.29
8688,Michelle Rose,3524.54,21,167.84
6237,Bobby Anderson,3517.68,18,195.43
2284,Mary Shaffer,3514.56,17,206.74
872,Keith Barnes,3504.62,20,175.23
714,Mark Beltran,3499.66,16,218.73
11692,Mary Weber,3497.4,20,174.87
6336,Richard Maddox,3490.44,21,166.21
8720,Mary Alvarado,3489.7,17,205.28
6115,Mary Smith,3489.58,15,232.64
4737,Mary Mendoza,3484.73,17,204.98
1591,Charles Johnson,3479.64,17,204.68
10163,Theresa Smith,3479.58,18,193.31
11149,Roy Smith,3474.64,17,204.39
6174,Carl Bright,3473.71,16,217.11
2889,Tyler Smith,3469.61,14,247.83
318,Samantha Smith,3464.66,15,230.98
6099,Helen Smith,3458.54,19,182.03
11433,Peter Smith,3453.5,20,172.68
9011,Mary Smith,3449.72,16,215.61
9988,Brenda Simmons,3447.51,17,202.79
11264,George Smith,3444.61,18,191.37
11013,Andrew Nguyen,3439.67,18,191.09
11398,Brian Smith,3429.43,18,190.52
4053,Rebecca Turner,3419.74,15,227.98
11710,Jacob Hopkins,3419.61,17,201.15
2164,Ethan Smith,3414.58,18,189.7
8829,Charles Smith,3409.65,15,227.31
7054,Maria Arnold,3409.64,19,179.45
7036,Maria Smith,3409.6,15,227.31
10926,Mary Smith,3409.59,16,213.1
7963,Mary Fisher,3409.46,17,200.56
124,Judy Smith,3399.74,17,199.98
5179,Robert Smith,3399.56,14,242.83
11595,Zachary Jones,3389.45,20,169.47
5196,Mary Smith,3387.65,17,199.27
12072,Mary Stevens,3379.58,17,198.8
3627,Mary Smith,3373.69,18,187.43
9031,Mary Brown,3372.63,17,198.39
2915,Sandra Green,3369.72,12,280.81
11125,Edward Fitzgerald,3369.61,15,224.64
5451,Wayne Torres,3368.48,18,187.14
3281,Teresa Werner,3359.73,13,258.44
8457,Joseph Larsen,3354.51,19,176.55
9171,Mary Bruce,3349.33,16,209.33
5351,Mary Smith,3347.5,18,185.97
369,Madison Sheppard,3339.71,18,185.54
7399,Mary Valdez,3339.52,16,208.72
11877,Jeffrey Krueger,3332.6,23,144.9
2559,Donna Hall,3324.31,15,221.62
2738,Amber Holmes,3319.58,16,207.47
5955,Mildred Burke,3311.67,15,220.78
9732,Nancy Jennings,3309.63,16,206.85
438,Diane Smith,3309.6,15,220.64
9643,Olivia Smith,3309.56,14,236.4
9756,Mary White,3303.65,17,194.33
10940,Mary Crawford,3289.52,20,164.48
9182,Mary English,3289.48,20,164.47
2994,Mary Lawson,3279.6,17,192.92
12319,Laura Woodward,3273.59,19,172.29
5250,Donald Smith,3269.67,17,192.33
712,Mary Ayala,3259.53,12,271.63
9633,Catherine Smith,3257.67,17,191.63
10413,Mary Smith,3249.72,17,191.16
8641,David Smith,3249.65,11,295.42
5720,Peter Cooper,3249.56,16,203.1
3969,Carl Smith,3248.46,19,170.97
10890,Doris Moody,3245.65,15,216.38
5009,Aaron Smith,3243.65,17,190.8
4144,David Collins,3240.48,17,190.62
3784,Mary Sharp,3235.68,15,215.71
5497,Katherine Skinner,3229.71,16,201.86
3865,Jessica Hunter,3229.65,17,189.98
1221,Mary Smith,3229.49,15,215.3
12118,Mary Zimmerman,3219.75,16,201.23
2531,Mary Fitzpatrick,3219.52,18,178.86
6939,Amber Jimenez,3210.54,21,152.88
26,Johnny Hood,3209.8,13,246.91
2638,Mary Hardy,3209.69,15,213.98
10973,Debra Sullivan,3201.48,19,168.5
3745,Kimberly Smith,3194.63,16,199.66
8568,Catherine Beck,3193.65,17,187.86
11450,Donald Nelson,3191.6,16,199.48
2938,Nicole Smith,3191.52,18,177.31
2328,Victoria Stevens,3189.63,18,177.2
13,Mary Baldwin,3185.62,16,199.1
11819,Jerry Vincent,3185.56,18,176.98
10224,Betty Lawson,3184.67,14,227.48
103,Mary Williams,3179.71,15,211.98
7198,Mary Day,3179.66,12,264.97
2251,Gregory Manning,3179.59,14,227.11
6968,Mary Sims,3179.58,19,167.35
1515,Crystal Peters,3174.47,17,186.73
3222,Mary Williams,3173.57,18,176.31
627,Robert Smith,3169.72,17,186.45
576,Arthur Fisher,3169.68,16,198.11
11373,William Cohen,3169.49,15,211.3
1369,Mary Walker,3157.62,14,225.54
10688,Pamela Rivers,3149.78,14,224.98
3044,Mary Hunter,3149.6,15,209.97
3621,Mary West,3144.82,10,314.48
5308,Mary Smith,3135.68,14,223.98
9608,Jack Lewis,3134.65,15,208.98
11136,Gloria Smith,3129.82,17,184.11
11698,Julie Tran,3129.68,14,223.55
9741,Judith King,3126.7,15,208.45
5905,Denise Smith,3119.73,17,183.51
4372,Mary Smith,3119.66,17,183.51
9778,Kathy Maddox,3109.72,16,194.36
12052,Mary Burke,3109.67,15,207.31
312,Jack Smith,3106.71,14,221.91
11301,Helen Bauer,3104.77,14,221.77
5126,Karen Roberts,3099.42,17,182.32
9174,Tyler Smith,3094.64,15,206.31
12314,Bruce Smith,3089.7,16,193.11
10003,Robert Kerr,3089.68,15,205.98
1322,Aaron Williamson,3089.65,16,193.1
4014,Mary Smith,3086.53,21,146.98
2574,Martha Ward,3069.61,17,180.57
8645,Andrew Johnston,3069.52,16,191.85
10826,Mary Hanson,3059.74,15,203.98
1247,Robert Montgomery,3059.73,14,218.55
7840,Mary Smith,3057.64,13,235.2
2483,Mary Lane,3049.74,15,203.32
6410,Stephanie Smith,3049.65,12,254.14
2042,Sara Castro,3049.64,14,217.83
7542,Mary Moss,3049.49,19,160.5
1895,George Myers,3044.61,12,253.72
1399,Mary Smith,3039.66,17,178.8
5473,Randy Smith,3039.63,16,189.98
9205,James Holmes,3039.38,17,178.79
12425,Mary Smith,3037.67,15,202.51
7794,Jennifer Compton,3035.63,16,189.73
2175,Mary Smith,3019.8,16,188.74
6268,Mary Summers,3019.77,13,232.29
1682,Mary Hall,3019.7,16,188.73
1708,Margaret Booth,3019.65,14,215.69
9418,Debra Snow,3017.67,18,167.65
9023,Jonathan Schmidt,3013.58,21,143.5
5063,Frank Smith,3009.75,12,250.81
11195,Jacqueline Smith,3009.68,19,158.4
5577,Mary Smith,3009.61,15,200.64
1528,Anthony Smith,3007.66,14,214.83
1653,Brian Gates,3007.59,17,176.92
4996,Christine Zimmerman,2999.71,17,176.45
12262,Michael Gray,2999.64,21,142.84
8364,Michael Smith,2999.64,14,214.26
2159,Kimberly Sweeney,2999.63,15,199.98
10382,Mary Romero,2993.37,15,199.56
1785,Mary Smith,2989.76,17,175.87
4822,Mary Smith,2989.65,19,157.35
2183,Richard Smith,2985.56,18,165.86
11972,Henry Smith,2979.57,14,212.83
3132,Mary Gutierrez,2969.7,15,197.98
12044,Mary Smith,2966.63,14,211.9
11144,Jose Dickerson,2959.67,15,197.31
12400,Mary Smith,2959.51,15,197.3
8348,Mary Maddox,2954.75,17,173.81
3311,Ryan Shelton,2949.82,14,210.7
11161,Mary Pennington,2947.65,12,245.64
9814,Daniel Smith,2943.53,12,245.29
762,Mary Smith,2939.7,13,226.13
11444,Kathleen Patrick,2939.67,18,163.32
1835,Mary Smith,2937.59,16,183.6
9321,Mary Silva,2935.66,17,172.69
5690,Mary Smith,2934.79,11,266.8
8433,Sharon Short,2929.71,13,225.36
2150,Andrea Lawson,2929.63,17,172.33
6658,Mary Smith,2925.61,17,172.09
5337,Samuel Stephenson,2919.63,16,182.48
3750,Mary Smith,2915.61,13,224.28
2300,Patrick Williamson,2914.63,18,161.92
6900,Judith Pham,2909.46,14,207.82
11465,Mary Smith,2899.67,15,193.31
5513,Mary Smith,2899.66,16,181.23
3458,Henry Smith,2899.65,16,181.23
7646,Mary Smith,2899.62,11,263.6
3317,Betty Smith,2899.62,13,223.05
5588,Jane Hopkins,2899.55,14,207.11
8053,Mary Dennis,2895.55,14,206.83
1119,Bryan Ramos,2894.61,18,160.81
9326,Linda Hess,2885.57,17,169.74
10528,Mary Smith,2883.74,14,205.98
967,Madison Smith,2883.66,16,180.23
3984,Brenda Webster,2881.65,16,180.1
129,Crystal Smith,2877.72,11,261.61
655,Joseph Dougherty,2869.66,17,168.8
3923,Mary King,2869.62,14,204.97
7983,Heather Merritt,2859.76,13,219.98
5792,Mary Smith,2859.64,16,178.73
7458,Philip Williams,2855.56,15,190.37
4086,James Smith,2844.67,13,218.82
4064,Mildred Smith,2844.63,12,237.05
8295,Margaret Lynch,2839.57,19,149.45
7719,Dorothy Smith,2835.72,14,202.55
8630,Jeremy Smith,2831.74,13,217.83
1297,Christopher Roberts,2829.78,16,176.86
9461,Mary Hoover,2829.74,12,235.81
5222,Evelyn Vincent,2829.68,15,188.65
11342,Steven Booker,2829.55,14,202.11
1686,Mary Smith,2817.63,16,176.1
3613,Mary York,2815.78,13,216.6
10530,Mary Smith,2814.7,16,175.92
3162,Wayne Smith,2812.61,15,187.51
11505,Michael Schultz,2811.65,15,187.44
12108,Gloria Stephens,2809.66,16,175.6
7655,Mary Smith,2805.62,14,200.4
11021,Brenda Shaw,2804.81,12,233.73
5921,Mary Buchanan,2804.55,15,186.97
8606,Mary Shah,2800.62,15,186.71
5412,Roger Smith,2794.7,16,174.67
1057,Richard Haynes,2793.76,13,214.9
8152,Nicholas Smith,2793.61,17,164.33
1342,Laura Savage,2789.67,11,253.61
11479,Debra Johnson,2781.6,16,173.85
1887,Katherine Jenkins,2779.69,12,231.64
5788,Mary Barrera,2771.69,17,163.04
11025,Mary Smith,2769.77,10,276.98
24,Mary Smith,2769.47,15,184.63
8758,Mary Shelton,2764.66,16,172.79
11019,Mary Zamora,2763.74,13,212.6
8903,Mary Torres,2759.56,13,212.27
7580,Joseph Porter,2757.66,17,162.22
3425,Andrea Smith,2753.75,14,196.7
10237,Margaret Davis,2749.76,15,183.32
1713,Mary Gardner,2749.7,13,211.52
2705,Mary Smith,2749.68,14,196.41
6998,Catherine Jimenez,2747.61,13,211.35
22,Joseph Smith,2744.68,16,171.54
3552,Kathleen Smith,2739.64,17,161.16
8731,Donna Allen,2733.76,17,160.81
4884,Mary Wall,2729.6,13,209.97
1873,Ronald Scott,2728.57,16,170.54
10580,Andrew Smith,2724.79,14,194.63
6212,Mary Smith,2721.8,15,181.45
3669,Mary Soto,2719.75,11,247.25
8512,Deborah Gonzalez,2719.74,12,226.65
73,Mary Smith,2719.73,13,209.21
5641,Eric Cohen,2719.6,13,209.2
3794,Julia Smith,2714.81,12,226.23
11399,Mary Martinez,2714.58,14,193.9
9226,Grace Davis,2709.82,13,208.45
9624,Ann Smith,2709.8,16,169.36
2471,Olivia Smith,2709.69,13,208.44
7565,Jean Donovan,2705.78,11,245.98
11697,Jessica Thomas,2704.7,14,193.19
1083,Mary Herman,2699.68,14,192.83
9488,Mary Smith,2699.67,17,158.8
5479,Mary Smith,2698.85,9,299.87
11619,Mary Anderson,2689.68,14,192.12
1419,Mary Black,2689.57,14,192.11
9614,Patricia Frazier,2689.57,14,192.11
7251,Benjamin Hamilton,2684.79,14,191.77
4776,Mary Potter,2683.64,15,178.91
2524,Mary Mays,2679.75,11,243.61
6694,John Evans,2679.67,13,206.13
2793,Mary Smith,2679.6,15,178.64
6087,Evelyn Smith,2674.71,17,157.34
11500,Mary Martin,2659.71,13,204.59
7031,Virginia Smith,2659.64,14,189.97
8676,Mary Nguyen,2659.58,16,166.22
38,Mary Smith,2649.74,16,165.61
10851,Dylan Stephens,2649.74,14,189.27
8615,Mary Smith,2644.7,14,188.91
645,Mary Conner,2639.81,11,239.98
10647,Amy Johnson,2639.78,10,263.98
1326,Mary Edwards,2639.69,16,164.98
4234,Dorothy Spencer,2634.61,15,175.64
7360,Mary Smith,2629.72,12,219.14
2322,Zachary Smith,2629.63,16,164.35
1684,Anna Smith,2619.79,15,174.65
6617,Mary Barnes,2619.72,16,163.73
10246,Barbara Cameron,2619.66,13,201.51
8336,Mary Smith,2619.63,14,187.12
2496,Mary Smith,2614.78,12,217.9
349,Aaron Berger,2609.63,12,217.47
8375,John Smith,2599.79,15,173.32
11600,Jean Finley,2599.76,15,173.32
4315,Mary Smith,2599.64,14,185.69
5623,Jose Haley,2589.78,11,235.43
9846,Michelle Horn,2589.76,13,199.21
4108,Mary Smith,2589.68,10,258.97
5895,Mary Sullivan,2589.62,13,199.2
3164,Karen Smith,2579.78,13,198.44
4544,Mary Warren,2574.72,12,214.56
4201,Mary Smith,2569.86,10,256.99
8696,Mary Pope,2569.77,12,214.15
12057,Tyler Sims,2569.73,13,197.67
10895,Mary Pierce,2566.64,9,285.18
6800,Christine Ford,2564.82,11,233.17
547,Kathleen Contreras,2561.54,12,213.46
7145,Mary Smith,2549.81,11,231.8
1271,Carolyn Shea,2549.73,13,196.13
1598,Mary Green,2549.67,16,159.35
316,Mary Smith,2549.66,15,169.98
6654,Mary Simmons,2541.75,17,149.51
4518,Jennifer Smith,2539.8,10,253.98
9201,Christian Smith,2539.62,12,211.64
11328,Patricia Johns,2529.83,14,180.7
8184,Mary Smith,2527.67,12,210.64
9158,Mary Bender,2524.76,14,180.34
6483,Mary Smith,2521.58,14,180.11
8508,Eugene Smith,2511.59,21,119.6
3324,Mary Smith,2509.73,10,250.97
5962,Jordan Smith,2503.68,15,166.91
9570,William Sampson,2499.83,11,227.26
5472,Joyce Vance,2499.64,12,208.3
3808,Nancy Smith,2494.62,13,191.89
7772,Mary Thompson,2489.69,10,248.97
409,Kevin Smith,2489.58,16,155.6
9097,Mary Padilla,2487.7,13,191.36
2370,Mary Hurley,2487.65,13,191.36
8695,Larry Thomas,2479.81,14,177.13
12276,Martha Smith,2479.79,16,154.99
1076,Tyler Thompson,2479.64,16,154.98
1075,Michelle Smith,2479.41,14,177.1
11107,Melissa Smith,2474.74,13,190.36
4267,Ashley Peters,2469.76,12,205.81
6600,Arthur Smith,2469.74,12,205.81
198,Mary Joseph,2464.67,13,189.59
2035,Mary Salas,2455.73,14,175.41
12298,Mary Harper,2449.61,12,204.13
951,Mary Young,2444.73,13,188.06
3697,Mary Hobbs,2444.71,15,162.98
6493,Mary Best,2439.67,14,174.26
10968,Diana Smith,2439.6,14,174.26
8504,Mary Davis,2439.46,12,203.29
5169,Tiffany Berger,2433.76,9,270.42
9657,Roy Williams,2429.68,15,161.98
10339,Steven Smith,2426.67,17,142.75
138,Mary Dawson,2419.8,12,201.65
2213,Henry Castaneda,2413.7,12,201.14
5616,Mary Dudley,2409.81,12,200.82
9049,Brenda Wright,2409.78,14,172.13
7622,Mary Hodges,2409.68,16,150.61
10616,Mary Little,2406.76,10,240.68
11261,Robert Smith,2405.76,12,200.48
5603,David Smith,2404.81,14,171.77
9115,Gary Clayton,2404.73,16,150.3
10019,Victoria Obrien,2401.71,14,171.55
6193,Mary Li,2399.79,12,199.98
11587,Alice Stewart,2399.64,12,199.97
3437,Mary Massey,2399.64,12,199.97
375,Mark Smith,2390.65,15,159.38
4124,Jerry Larsen,2389.79,11,217.25
535,Patricia Hunt,2389.77,11,217.25
5806,Mary Smith,2389.73,12,199.14
6323,Gerald Roberts,2386.59,12,198.88
11012,Mary Smith,2384.76,13,183.44
10832,Mary Khan,2383.72,12,198.64
1429,Pamela Murphy,2383.7,14,170.26
11079,Russell Smith,2379.76,14,169.98
11743,Alexander Smith,2379.69,13,183.05
11401,Mary Smith,2377.75,11,216.16
8556,Daniel Pruitt,2377.7,16,148.61
3459,Mary Wright,2375.62,13,182.74
1541,Victoria Smith,2374.73,12,197.89
11917,Matthew Brooks,2371.84,10,237.18
2734,Louis Richardson,2369.84,10,236.98
10303,Shawn Smith,2369.62,14,169.26
1048,Frances Terrell,2367.77,10,236.78
7334,Mary Wilkerson,2359.7,10,235.97
11650,Mary Smith,2359.61,15,157.31
16,Tiffany Smith,2349.77,17,138.22
3828,Janice Carpenter,2348.65,13,180.67
1220,Samantha Terry,2339.82,8,292.48
7925,William Smith,2339.73,12,194.98
4119,Peter Smith,2338.76,13,179.9
1160,Mary Randolph,2329.79,11,211.8
11609,Alice Lozano,2324.74,12,193.73
11537,Lori Phelps,2319.87,12,193.32
8234,Kevin Smith,2319.84,13,178.45
10981,Mary Smith,2319.8,14,165.7
1101,Mary Smith,2317.73,14,165.55
4729,Robert Kaufman,2311.73,14,165.12
330,Mary Smith,2309.78,13,177.68
10059,Julia Smith,2309.78,11,209.98
11463,Mary Smith,2303.81,11,209.44
2741,Jason Smith,2303.61,15,153.57
3587,Michelle Potter,2299.71,13,176.9
9775,Katherine Smith,2294.69,14,163.91
1010,Carolyn Moss,2285.66,14,163.26
11981,Mary Smith,2281.82,13,175.52
12157,Rose Morrow,2279.85,13,175.37
361,Alexander Shaw,2279.81,16,142.49
4012,Mary Smith,2275.67,16,142.23
10352,Mary Smith,2269.81,9,252.2
7389,Mary Ray,2269.71,13,174.59
3557,Benjamin Clarke,2267.79,10,226.78
80,Joe Parsons,2259.78,11,205.43
9208,John Gillespie,2259.74,11,205.43
900,George Smith,2259.7,9,251.08
1759,Mary Barnett,2249.8,9,249.98
11873,Joe Collier,2249.73,11,204.52
555,Mildred Smith,2249.68,12,187.47
8744,Mary Wells,2245.8,10,224.58
5712,Mary Smith,2239.79,12,186.65
5960,Margaret Smith,2239.7,11,203.61
8280,Mary Tyler,2239.66,13,172.28
11499,Mary Smith,2234.54,13,171.89
979,Mary Smith,2233.77,10,223.38
6443,Mary Salazar,2229.79,13,171.52
3390,Elizabeth Stephenson,2227.74,12,185.64
4764,Christopher Smith,2227.72,11,202.52
5748,Shawn Mann,2224.77,12,185.4
1712,Megan Brown,2224.69,14,158.91
851,Mary Snyder,2223.77,10,222.38
3683,Mary Fernandez,2219.73,11,201.79
5864,Mary Gentry,2209.7,10,220.97
2901,Emma Davis,2209.69,13,169.98
3766,David Chavez,2209.64,16,138.1
4488,Frances Smith,2199.74,11,199.98
7173,Mary Glass,2199.74,12,183.31
4727,Amanda Estes,2197.69,12,183.14
11114,Mary Owens,2194.57,14,156.76
10827,Janice Smith,2193.79,11,199.44
8408,Patrick Smith,2189.78,11,199.07
11498,Scott Day,2189.77,10,218.98
7049,Justin Graham,2189.67,13,168.44
332,Mary Smith,2189.63,12,182.47
6934,Mary Ellis,2189.58,11,199.05
10087,Mary Myers,2187.82,14,156.27
11185,Barbara Smith,2179.78,11,198.16
3372,Virginia Smith,2179.75,12,181.65
8231,Mary Jones,2179.67,9,242.19
9458,Mary Carlson,2174.77,9,241.64
3077,Albert Rush,2174.75,11,197.7
5032,Christopher Fry,2174.66,14,155.33
3502,Mary Smith,2171.68,12,180.97
10626,Emma Anderson,2170.84,12,180.9
11385,Mary Stewart,2167.85,10,216.79
5119,Brenda Miller,2159.8,12,179.98
10207,Janet Smith,2159.72,10,215.97
12349,Mary Arnold,2157.7,11,196.15
829,Mary Smith,2154.7,13,165.75
10729,Mary Phillips,2149.85,11,195.44
8158,Donald Pugh,2149.81,10,214.98
10811,Joshua Carter,2149.64,12,179.14
7649,Mary Lopez,2146.76,12,178.9
10693,Andrea Sparks,2139.77,12,178.31
8134,Doris Smith,2139.7,12,178.31
3971,John Smith,2136.67,13,164.36
9034,Paul Villa,2129.85,11,193.62
5814,Debra Smith,2129.79,12,177.48
3987,Alice Allen,2129.77,14,152.13
6339,Mary Bush,2128.67,13,163.74
4061,Jeffrey Houston,2125.86,9,236.21
4311,Albert Collins,2119.81,11,192.71
2643,David Smith,2119.67,13,163.05
7853,Aaron Smith,2110.74,11,191.89
9546,Louis Holland,2109.84,8,263.73
11827,Mary Smith,2109.82,11,191.8
11808,Sharon Schultz,2109.69,11,191.79
8767,Timothy Mejia,2109.67,11,191.79
6642,Mary Gill,2099.86,9,233.32
2891,Victoria Pitts,2097.63,15,139.84
4327,Sarah Greene,2096.75,12,174.73
11805,Anthony Smith,2094.78,10,209.48
5489,Teresa Smith,2089.82,11,189.98
337,Mary Neal,2089.79,10,208.98
11663,Emily Hill,2089.67,10,208.97
11173,Kathleen Mayer,2079.66,10,207.97
93,Mary Robbins,2069.84,12,172.49
5846,Betty Smith,2049.63,9,227.74
2099,Dylan Preston,2044.77,10,204.48
10153,Mary Smith,2029.81,13,156.14
9380,Ryan Carson,2029.68,14,144.98
611,Lisa Cross,2019.87,9,224.43
11559,Mary Smith,2017.55,11,183.41
5397,Mary Nelson,2014.61,10,201.46
1334,Roger Dunlap,2011.56,12,167.63
9767,Mary Clayton,2009.8,10,200.98
5073,Mary Frazier,2009.72,7,287.1
2486,Anna Mcdonald,2009.69,13,154.59
10695,Andrew Smith,1989.89,10,198.99
4152,Deborah Martinez,1989.85,9,221.09
5193,Amanda Stokes,1989.82,14,142.13
5275,Alan Smith,1989.59,12,165.8
7400,Benjamin Smith,1984.71,11,180.43
12165,Christine Smith,1979.87,8,247.48
6075,Mary Smith,1979.83,11,179.98
11506,Sara Baxter,1979.83,9,219.98
7766,Jack Smith,1979.76,10,197.98
560,Emma Smith,1969.85,10,196.99
7425,Rebecca Smith,1969.67,13,151.51
7599,Gerald Smith,1961.77,10,196.18
8498,Joseph Pennington,1959.77,10,195.98
6463,Mary Smith,1959.7,10,195.97
10005,Zachary Day,1954.75,8,244.34
9574,Mary Smith,1954.72,14,139.62
1538,Mary Smith,1949.84,9,216.65
10894,Mary Castillo,1949.83,8,243.73
3734,Katherine Smith,1949.78,10,194.98
6027,Mary Moore,1939.85,9,215.54
803,James Hartman,1939.79,12,161.65
5046,Mary Smith,1939.79,10,193.98
5862,David Cantu,1938.86,10,193.89
7329,Deborah Mendez,1936.78,10,193.68
5370,Andrew Smith,1935.84,10,193.58
8582,Edward Smith,1935.75,11,175.98
11788,Dennis Marsh,1933.69,11,175.79
6631,Mary Morrow,1931.81,11,175.62
5253,Susan Watkins,1929.85,8,241.23
5406,Mary Whitehead,1929.84,12,160.82
7776,Julie Smith,1919.82,11,174.53
8226,Mary Ritter,1919.8,11,174.53
9473,Michelle Smith,1914.86,9,212.76
461,Mary Smith,1914.76,12,159.56
189,Angela Peterson,1909.82,8,238.73
11482,Mary Smith,1907.69,12,158.97
2171,Mary Jones,1899.8,7,271.4
12391,Evelyn Lewis,1899.79,7,271.4
4717,Mary Sanders,1899.75,10,189.98
4447,Mary Wyatt,1899.75,10,189.98
3017,Frank Thompson,1899.67,8,237.46
8802,Mary Donovan,1897.75,10,189.78
8891,Michael Smith,1894.79,10,189.48
10233,Mary Bennett,1894.76,10,189.48
1699,Mary Webb,1889.91,10,188.99
9007,Mary Maynard,1889.8,10,188.98
12255,Mary Davis,1889.75,8,236.22
8157,Mary Marshall,1884.72,11,171.34
3242,Mary Garcia,1881.86,10,188.19
268,Mary Miller,1881.85,10,188.19
2940,Mary Smith,1879.81,10,187.98
9915,Mary Pollard,1879.78,10,187.98
1533,Linda Kent,1869.87,9,207.76
8469,Amanda Smith,1869.82,11,169.98
59,Douglas James,1869.75,10,186.98
11487,Cheryl Evans,1859.8,11,169.07
7878,Helen Lewis,1859.75,10,185.98
10471,Mary Smith,1854.87,9,206.1
12025,Linda Collier,1849.85,10,184.99
5274,Michael Beard,1849.84,9,205.54
790,Martha Robinson,1849.68,11,168.15
12410,Bryan Smith,1839.85,11,167.26
5529,Mary Smith,1829.8,10,182.98
9310,Timothy Smith,1821.7,16,113.86
6646,Mary Lopez,1819.88,8,227.49
559,Paul Melton,1813.62,11,164.87
2905,Kelly Livingston,1809.8,9,201.09
7919,Brittany Kent,1809.72,9,201.08
1870,Tiffany Greer,1805.76,14,128.98
4695,Hannah Guerra,1804.63,11,164.06
2990,Michael Smith,1801.78,8,225.22
12209,Jerry Hobbs,1800.76,11,163.71
6941,Jeffrey Palmer,1799.78,7,257.11
2245,Megan Johnson,1794.8,9,199.42
1991,Lori Wells,1793.86,9,199.32
12116,Mary Shea,1789.8,8,223.73
2043,Mary Smith,1789.78,7,255.68
4097,Russell Smith,1779.81,9,197.76
6437,Sara Duarte,1779.8,9,197.76
2456,Joan Donaldson,1774.83,10,177.48
10193,Mary Hernandez,1773.88,11,161.26
1510,Mary Smith,1771.83,11,161.08
12312,Jessica Figueroa,1769.73,10,176.97
9948,Susan Day,1767.77,8,220.97
10547,Amy Ruiz,1759.86,8,219.98
11883,Steven Miller,1753.77,11,159.43
1215,Joe Hart,1749.87,11,159.08
3204,Edward Smith,1747.79,8,218.47
8387,Richard Fuentes,1739.73,9,193.3
4592,Mary Sanchez,1737.83,11,157.98
3357,Mary Smith,1729.87,6,288.31
11751,Mary Smith,1719.85,8,214.98
6039,Theresa Mills,1709.82,7,244.26
6093,Douglas Jacobs,1709.73,11,155.43
152,Mary Smith,1709.71,7,244.24
9272,Ronald Blackwell,1705.67,11,155.06
7914,Mary Smith,1704.84,8,213.11
12059,Shawn Clark,1699.89,8,212.49
9033,Mary Schaefer,1689.87,6,281.65
3854,Mary Gilbert,1689.82,12,140.82
10365,Amy Smith,1689.79,10,168.98
4074,Barbara Smith,1689.78,9,187.75
3057,Mary Smith,1687.85,7,241.12
12369,Mary Martinez,1683.79,10,168.38
1888,Julia Smith,1679.93,6,279.99
7551,Robert Richardson,1679.83,11,152.71
6196,Jennifer Stewart,1679.79,10,167.98
4329,Mary Ayala,1675.77,9,186.2
2161,Mary Mercer,1674.89,8,209.36
2561,Angela Smith,1673.9,11,152.17
6558,Ethan Smith,1669.72,9,185.52
7012,Mary Allen,1669.66,11,151.79
2082,Megan Holland,1664.84,9,184.98
1170,Daniel Villarreal,1659.9,8,207.49
7583,Mary Pace,1657.85,7,236.84
9724,Mary Black,1649.83,8,206.23
1146,Alice Evans,1649.83,6,274.97
7965,Mary Hunter,1649.82,6,274.97
2023,Mary Fox,1647.81,8,205.98
500,Nicholas Smith,1644.63,10,164.46
10227,Mary Henderson,1637.82,10,163.78
2416,Susan Sullivan,1634.82,11,148.62
3668,Judy Smith,1629.92,7,232.85
3481,Ronald Obrien,1629.84,8,203.73
7500,Mary Smith,1629.77,12,135.81
131,Brenda Cline,1623.71,11,147.61
4676,Donna Randolph,1619.87,5,323.97
8178,Mary Barnes,1619.85,8,202.48
1302,Alice Edwards,1619.82,8,202.48
9705,Patricia Smith,1619.79,9,179.98
4095,Mary Lewis,1609.75,8,201.22
9440,Mary Leonard,1599.93,8,199.99
11709,Mary Harrison,1599.78,8,199.97
8100,Victoria Smith,1594.73,10,159.47
8939,Mary Smith,1579.87,10,157.99
8331,Mary Norman,1579.79,8,197.47
12150,Paul Hancock,1579.78,7,225.68
4143,Mary Smith,1579.77,9,175.53
651,Mary Smith,1579.75,8,197.47
9261,Patrick Burnett,1574.66,8,196.83
2941,Brian Martinez,1569.87,6,261.65
3823,Charles Ortega,1569.84,9,174.43
2935,Mary Smith,1569.79,9,174.42
6769,Katherine Riley,1563.78,10,156.38
8951,Mary Baker,1559.84,10,155.98
6232,Janet Webb,1559.71,6,259.95
1267,Sharon Mclaughlin,1559.7,11,141.79
6293,Mary Porter,1549.89,5,309.98
8765,Gary Smith,1549.86,8,193.73
7931,Mary Mcdaniel,1549.84,9,172.2
281,Stephanie Smith,1549.76,8,193.72
7074,Mary Patton,1547.77,11,140.71
7279,Emily Smith,1544.74,9,171.64
7955,Mary Rios,1529.84,8,191.23
1095,Mary Owens,1529.82,7,218.55
7367,Joseph Smith,1523.86,8,190.48
9403,Mary Peters,1517.85,8,189.73
1898,Mary Hammond,1514.87,10,151.49
5014,Peter Smith,1509.8,8,188.73
5178,Mary Willis,1509.79,8,188.72
11181,Mary Hernandez,1504.91,6,250.82
8771,Karen Green,1494.84,9,166.09
7913,Randy Edwards,1493.91,5,298.78
6415,Terry Carpenter,1484.64,8,185.58
4085,Mary Carr,1479.9,7,211.41
267,Richard Smith,1479.83,10,147.98
2548,Mary Curtis,1479.78,10,147.98
7051,Russell Smith,1465.8,9,162.87
6485,Carolyn Sheppard,1459.9,7,208.56
11967,Mary Beard,1459.89,8,182.49
3440,Mary Edwards,1459.78,9,162.2
11701,Mary Tucker,1449.89,8,181.24
7681,Terry Mcknight,1449.89,8,181.24
5332,Mary Smith,1449.69,9,161.08
6439,Mary Booth,1445.83,9,160.65
5619,Mary Smith,1439.78,8,179.97
7408,Mary Holmes,1429.66,9,158.85
1382,Mary Aguilar,1424.74,8,178.09
9139,Mary Galvan,1414.83,10,141.48
3255,Mary Christian,1413.9,7,201.99
4041,Mary Santiago,1409.84,8,176.23
208,Mary Smith,1404.9,7,200.7
64,Mary Reynolds,1404.87,7,200.7
562,Mary Smith,1399.93,5,279.99
3431,Mary Berger,1399.87,7,199.98
11740,Jacob Foster,1399.71,8,174.96
11072,Nathan Anthony,1389.9,6,231.65
4971,Mary Hogan,1389.77,8,173.72
10816,Henry Turner,1388.85,9,154.32
3932,Evelyn Smith,1379.92,5,275.98
11540,Doris Smith,1379.83,10,137.98
11712,Edward Smith,1379.83,5,275.97
7680,Sandra Heath,1369.9,9,152.21
4617,Jason Keller,1369.83,7,195.69
11795,Eugene Lewis,1369.83,7,195.69
6748,Keith Smith,1369.83,7,195.69
10286,Wayne Curtis,1369.82,8,171.23
8346,Mary Wright,1368.93,6,228.16
3252,Mary Smith,1363.84,7,194.83
6033,Mary Pitts,1359.92,7,194.27
12287,Robert Lee,1359.89,6,226.65
9834,Mary Thompson,1359.74,10,135.97
9818,Mary Avila,1354.82,9,150.54
10924,Steven Smith,1349.85,4,337.46
10124,Mary Santos,1348.89,8,168.61
8079,Mary Burnett,1339.93,6,223.32
2536,Richard Pineda,1339.9,8,167.49
12110,Lisa Smith,1339.84,9,148.87
4314,Catherine Curry,1333.91,5,266.78
9474,Keith Moore,1329.8,7,189.97
668,Phillip Lewis,1325.88,6,220.98
3308,Aaron Smith,1315.73,10,131.57
3054,Gregory Pope,1314.84,7,187.83
9674,Sean Smith,1309.88,7,187.13
545,Joe Andrade,1309.86,5,261.97
6252,Kevin Smith,1309.81,7,187.12
4301,Emily Smith,1305.76,7,186.54
10525,Mary Lopez,1299.91,6,216.65
2246,Mary Lewis,1299.9,7,185.7
4701,Joyce Barker,1299.86,6,216.64
6309,Cynthia Smith,1299.82,9,144.42
2459,Robert Lyons,1299.81,9,144.42
11288,Cynthia Smith,1293.85,8,161.73
3170,Mary Smith,1291.87,8,161.48
11628,Jennifer Edwards,1289.91,8,161.24
8973,Mary Smith,1279.92,5,255.98
2347,Rose Smith,1279.87,8,159.98
6262,Mary Brennan,1275.83,5,255.17
11696,Mary Smith,1274.82,7,182.12
8547,Melissa Cunningham,1269.9,7,181.41
3795,Peter Williams,1259.92,7,179.99
10189,Harry Chung,1239.92,5,247.98
7786,Mary Price,1239.79,10,123.98
12387,Mary Archer,1233.87,7,176.27
3156,Kathleen Smith,1229.88,6,204.98
3400,Frank Lewis,1229.86,7,175.69
11183,Mary Smith,1229.77,8,153.72
3540,Nicole Bishop,1229.72,6,204.95
6258,Mary Smith,1219.85,7,174.26
10608,Ralph Kidd,1217.88,5,243.58
11033,Matthew Fields,1214.87,5,242.97
1217,Robert Compton,1209.86,7,172.84
9788,Mary Smith,1209.86,6,201.64
5893,Mary Young,1209.75,8,151.22
2273,Jacob Smith,1199.86,8,149.98
9481,Julie Smith,1194.85,9,132.76
7674,Mary Smith,1193.84,6,198.97
10389,Daniel Jackson,1189.88,6,198.31
7644,Mary Freeman,1189.86,6,198.31
3075,Jonathan Peterson,1189.85,5,237.97
4156,Mary Smith,1187.59,7,169.66
7297,Philip Smith,1179.93,5,235.99
3135,Helen Ward,1179.9,7,168.56
9313,Mary Krause,1179.81,7,168.54
1121,Kathleen Smith,1169.89,8,146.24
6991,Mary Smith,1169.88,9,129.99
6497,Mary Lee,1169.84,6,194.97
10328,Mary Smith,1169.76,8,146.22
10460,Mary Morrison,1159.81,8,144.98
1581,Mary Smith,1141.85,10,114.18
7346,Mary Hughes,1139.89,6,189.98
1929,Kathryn Smith,1139.84,7,162.83
1942,Joseph Moran,1134.89,6,189.15
3354,Russell Flores,1119.85,7,159.98
4482,Randy Elliott,1119.8,6,186.63
8493,Mark Pena,1119.79,6,186.63
3759,Mary Taylor,1119.77,7,159.97
4878,Sandra Smith,1109.89,7,158.56
10485,Mary Smith,1099.86,4,274.97
1077,Mary Williamson,1079.83,5,215.97
10173,Kathleen Smith,1077.78,8,134.72
6458,Jonathan Franco,1069.86,5,213.97
11845,Mary Weaver,1059.87,5,211.97
10106,Mary Smith,1049.91,5,209.98
8943,Brian Yates,1049.89,7,149.98
6594,Rebecca Austin,1049.87,6,174.98
1557,Nicole Bolton,1049.84,5,209.97
7904,Mary Smith,1029.8,5,205.96
663,Mary Smith,1019.85,7,145.69
8094,Gregory Rivas,1009.92,5,201.98
11363,Frank Paul,1009.9,8,126.24
8686,Dorothy Higgins,1009.79,5,201.96
5435,Mary Smith,999.96,3,333.32
6038,Sharon Brooks,999.81,4,249.95
11063,Mary Smith,981.85,7,140.26
12417,Mary Smith,979.89,4,244.97
5611,Michael Williamson,979.88,8,122.49
12337,Mary Davis,979.85,4,244.96
6866,Wayne Smith,971.87,8,121.48
10073,Megan Lee,969.94,4,242.49
9934,Kathleen Smith,969.91,7,138.56
839,Lisa Walker,961.82,5,192.36
8089,Evelyn Smith,959.96,5,191.99
2527,Heather Smith,959.94,4,239.99
10150,Mary Vasquez,949.93,5,189.99
11345,John Mathis,939.89,4,234.97
4716,Edward Cooper,929.96,4,232.49
7486,Mary Kent,929.88,6,154.98
4319,Melissa Smith,924.91,7,132.13
5401,Amber Smith,919.9,5,183.98
10629,Robert Smith,913.76,4,228.44
3804,Andrew Le,909.96,6,151.66
699,Raymond Richards,899.92,3,299.97
5188,Margaret Grant,899.92,3,299.97
1805,Mary Porter,895.94,5,179.19
6679,Cynthia Smith,893.94,6,148.99
513,Tyler Smith,893.9,5,178.78
11221,Mary Pittman,891.91,6,148.65
8151,Michael Mcgee,889.94,7,127.13
6938,Kathleen Smith,879.93,4,219.98
5252,Mary Smith,859.96,5,171.99
11684,Denise Smith,859.95,4,214.99
7614,Paul Martin,859.92,5,171.98
9815,Cheryl Simmons,859.89,6,143.32
8705,Patricia Smith,854.87,8,106.86
4873,Samantha Wilson,849.96,3,283.32
4244,Mark Hooper,849.93,6,141.66
1913,Ethan Smith,829.93,3,276.64
3484,Rebecca Hunter,829.84,6,138.31
8846,Thomas Smith,819.94,4,204.99
3339,Mary Payne,819.9,4,204.98
1279,Alexander Williams,809.94,4,202.49
7440,James French,809.91,3,269.97
10963,Amber Smith,799.92,4,199.98
8570,Mary Cunningham,795.87,6,132.65
6052,Mary Harding,773.77,6,128.96
6520,Judy Foster,759.87,4,189.97
9269,Angela English,749.96,4,187.49
9067,Harry Myers,749.96,3,249.99
2479,Mary Miller,749.94,4,187.49
2449,Mary Burke,749.91,4,187.48
1156,Mary Terrell,737.93,4,184.48
12346,Mary Smith,729.95,4,182.49
530,Mary Smith,729.95,4,182.49
2730,Mary Baldwin,729.94,3,243.31
10065,Betty Padilla,719.93,4,179.98
1050,Gloria Marshall,719.88,4,179.97
11234,Martha Smith,719.87,4,179.97
5809,Mary Nunez,709.98,3,236.66
6226,John Jones,699.96,2,349.98
11893,Mary Graves,699.94,3,233.31
1694,Mary Thompson,699.86,5,139.97
4565,Marilyn Stone,699.84,3,233.28
12030,Linda Smith,695.86,6,115.98
9330,Mary Conley,669.85,5,133.97
7323,Sarah Neal,667.9,4,166.98
11693,Mary Garrett,659.96,3,219.99
493,Joseph Smith,649.91,4,162.48
9601,Olivia Reid,649.9,4,162.48
5915,Mary Hamilton,649.83,6,108.3
11207,Gerald Smith,619.95,4,154.99
6989,Mary Smith,619.94,3,206.65
1884,Joan Sanders,619.85,4,154.96
10937,Mary Smith,607.91,5,121.58
8798,Maria Smith,599.97,2,299.99
828,Johnny Herrera,599.96,5,119.99
4418,Mary Mills,599.91,4,149.98
10202,Mary Wagner,599.84,3,199.95
6644,Judith Phillips,589.97,3,196.66
1071,Mary Roach,579.97,3,193.32
5161,Mary Zavala,579.93,6,96.66
4558,Jennifer Smith,579.91,4,144.98
4814,Paul Suarez,554.86,4,138.72
665,Mary Smith,549.98,2,274.99
3861,Mary Smith,549.95,4,137.49
4777,David Smith,549.95,2,274.98
4843,Mary Sandoval,549.92,2,274.96
2820,Roy Smith,549.9,6,91.65
1655,Arthur Hunter,539.91,4,134.98
8783,Eric Ramsey,519.95,2,259.98
2937,Mary Mcclure,519.91,3,173.3
7308,Teresa Jensen,499.98,2,249.99
8160,Mary Young,489.95,4,122.49
8900,Russell Peterson,479.99,3,160.0
5448,Kelly English,463.88,4,115.97
2875,Mary Roberts,449.92,2,224.96
707,Shawn Ortiz,439.9,4,109.98
2168,Mary Reynolds,429.97,2,214.99
1992,Mary Mann,429.97,2,214.99
580,Kimberly Lee,429.92,4,107.48
4060,Mary Smith,424.93,7,60.7
658,Peter Farley,419.86,2,209.93
8985,Helen Russo,399.98,1,399.98
10652,Tammy Smith,389.92,4,97.48
8530,William Smith,379.86,3,126.62
3846,Ronald Lewis,339.97,3,113.32
4546,Mary Garcia,339.97,2,169.99
10243,Donna Anderson,329.98,2,164.99
2791,Martha Smith,329.98,2,164.99
253,Nancy Smith,309.89,2,154.95
4638,Donald Hayes,289.89,2,144.95
10465,Cynthia Spence,249.98,2,124.99
8659,Brenda Wong,204.96,2,102.48
4158,Tyler Smith,199.99,1,199.99
11347,Ruth Jones,189.98,2,94.99
3278,Patrick Anderson,129.99,1,129.99
1476,Eugene Bray,129.99,1,129.99
7909,Aaron Mann,99.99,1,99.99
6372,Henry Smith,74.97,1,74.97
10054,Zachary Hunt,59.99,1,59.99
7091,Elizabeth Wells,49.95,1,49.95
